Fight_URL,Fighter_1,Fighter_2,Winner,Weight_Class,Method,End_Round,End_Time,Total_Fight_Time_Sec,Time_Format,F1_KD,F2_KD,F1_Sig_Landed,F1_Sig_Att,F2_Sig_Landed,F2_Sig_Att,F1_TD_Landed,F2_TD_Landed,F1_TD_Att,F2_TD_Att,F1_Sub_Att,F2_Sub_Att,F1_Ctrl_Sec,F2_Ctrl_Sec,F1_Head,F2_Head,F1_Body,F2_Body,F1_Leg,F2_Leg,F1_Distance,F2_Distance,F1_Clinch,F2_Clinch,F1_Ground,F2_Ground,Event_Date
espn:2026-10-03:natalia_silva-wang_cong,Natalia Silva,Wang Cong,Natalia Silva,UFC Women's Flyweight Title Bout,Decision - Unanimous,5,5:00,1500,5 Rnd (5-5-5-5-5),1,0,109,216,98,206,3,0,5,0,0,0,252,159,64,45,28,19,17,34,,,,,,,2026-10-03
espn:2026-10-03:deiveson_figueiredo-payton_talbott,Deiveson Figueiredo,Payton Talbott,Payton Talbott,Bantamweight Bout,KO/TKO,1,2:09,129,3 Rnd (5-5-5),0,2,5,6,25,44,0,0,2,0,0,0,22,12,3,18,1,5,1,2,,,,,,,2026-10-03
espn:2026-10-03:esteban_ribovics-king_green,King Green,Esteban Ribovics,Esteban Ribovics,Lightweight Bout,KO/TKO,1,4:08,248,3 Rnd (5-5-5),0,3,27,49,35,71,0,0,1,0,0,0,4,31,11,25,11,4,5,6,,,,,,,2026-10-03
espn:2026-10-03:khaos_williams-roberto_soldic,Roberto Soldić,Khaos Williams,Roberto Soldić,Welterweight Bout,Decision - Unanimous,3,5:00,900,3 Rnd (5-5-5),0,0,94,162,27,106,3,0,3,0,0,0,272,3,68,12,20,6,6,9,,,,,,,2026-10-03
espn:2026-10-03:ateba_gautier-roman_kopylov,Ateba Gautier,Roman Kopylov,Roman Kopylov,Middleweight Bout,KO/TKO,1,3:12,192,3 Rnd (5-5-5),0,1,7,30,19,23,0,0,0,0,0,0,0,5,3,16,4,1,0,2,,,,,,,2026-10-03
espn:2026-10-03:alden_coria-imanol_rodriguez,Imanol Rodriguez,Alden Coria,Imanol Rodriguez,Flyweight Bout,KO/TKO,1,3:11,191,3 Rnd (5-5-5),1,0,20,46,4,17,1,0,1,0,0,0,6,0,12,3,8,0,0,1,,,,,,,2026-10-03
espn:2026-10-03:andrey_pulyaev-damian_pinas,Damian Pinas,Andrey Pulyaev,Damian Pinas,Middleweight Bout,KO/TKO,1,1:15,75,3 Rnd (5-5-5),1,0,5,7,4,11,0,0,0,0,0,0,3,0,3,1,0,2,2,1,,,,,,,2026-10-03
espn:2026-10-03:anthony_romero-marcus_mcghee,Marcus McGhee,Anthony Romero,Marcus McGhee,Featherweight Bout,KO/TKO,1,4:58,298,3 Rnd (5-5-5),2,0,34,75,13,37,0,1,0,1,0,0,61,4,24,8,6,3,4,2,,,,,,,2026-10-03
espn:2026-10-03:anthony_wint-lucas_armand,Anthony Wint,Lucas Armand,Anthony Wint,Heavyweight Bout,KO/TKO,1,0:23,23,3 Rnd (5-5-5),1,0,12,18,1,5,0,0,1,0,0,0,5,0,9,1,3,0,0,0,,,,,,,2026-10-03
espn:2026-10-03:johnny_walker-mick_parkin,Johnny Walker,Mick Parkin,Johnny Walker,Heavyweight Bout,KO/TKO,1,3:35,215,3 Rnd (5-5-5),1,0,23,32,11,16,0,0,0,0,0,0,27,31,6,2,4,0,13,9,,,,,,,2026-10-03
espn:2026-10-03:bruce_whitehead-jacobe_smith,Jacobe Smith,Bruce Whitehead,Jacobe Smith,Welterweight Bout,KO/TKO,1,1:32,92,3 Rnd (5-5-5),0,0,11,17,4,13,1,0,2,0,0,0,29,3,6,3,5,1,0,0,,,,,,,2026-10-03
espn:2026-10-03:alexander_hernandez-rafael_dos_anjos,Rafael Dos Anjos,Alexander Hernandez,Alexander Hernandez,Lightweight Bout,KO/TKO,2,3:12,492,3 Rnd (5-5-5),0,2,26,59,36,86,0,0,0,0,0,0,0,164,20,27,6,7,0,2,,,,,,,2026-10-03
espn:2026-10-03:ismail_naurdiev-marvin_vettori,Marvin Vettori,Ismail Naurdiev,Ismail Naurdiev,Middleweight Bout,Decision - Unanimous,3,5:00,900,3 Rnd (5-5-5),0,0,76,201,74,190,0,3,2,7,0,1,13,70,62,37,7,9,7,28,,,,,,,2026-10-03
espn:2026-10-03:court_mcgee-eric_nolan,Court McGee,Eric Nolan,Eric Nolan,Welterweight Bout,KO/TKO,3,3:26,806,3 Rnd (5-5-5),0,1,98,273,121,246,0,0,7,0,0,0,102,21,64,105,18,15,16,1,,,,,,,2026-10-03
